top_share,combinations,cumulative_gap,cumulative_gap_share
0.05,110,3671360,0.3183860908319954
0.1,221,5360792,0.4648962805727127
0.2,443,7387564,0.6406611235975713
